{
    "parent": "item/handheld_rod",
    "textures": {
        "layer0": "item/warped_fungus_on_a_stick"
    },
    "overrides": [
        {
            "predicate": {
                "custom_model_data": 10380000
            },
            "model": "item/maxwell"
        },
        {
            "predicate": {
                "custom_model_data": 10380001
            },
            "model": "item/mars"
        },
        {
            "predicate": {
                "custom_model_data": 10380002
            },
            "model": "item/valenok"
        },
        {
            "predicate": {
                "custom_model_data": 10380003
            },
            "model": "item/vasilisa"
        }
    ]
}